{
  "rank": 0,
  "score": 0.26032641530036926,
  "width": 0.0536981001496315,
  "height": 0.029999999329447746,
  "depth": 0.029999999329447746,
  "translation": [
    0.04249146208167076,
    0.01118948869407177,
    -0.04068578779697418
  ],
  "rotation_matrix": [
    [
      -0.38795071840286255,
      0.2645094096660614,
      -0.88290935754776
    ],
    [
      -0.7294859886169434,
      0.4973722994327545,
      0.46954336762428284
    ],
    [
      0.5633333325386047,
      0.8262297511100769,
      -3.611565091432567e-08
    ]
  ],
  "pose_matrix_4x4": [
    [
      -0.38795071840286255,
      0.2645094096660614,
      -0.88290935754776,
      0.04249146208167076
    ],
    [
      -0.7294859886169434,
      0.4973722994327545,
      0.46954336762428284,
      0.01118948869407177
    ],
    [
      0.5633333325386047,
      0.8262297511100769,
      -3.611565091432567e-08,
      -0.04068578779697418
    ],
    [
      0.0,
      0.0,
      0.0,
      1.0
    ]
  ],
  "object_id": -1
}