{
  "batch_index": 5,
  "grasps": [
    {
      "label": "G15",
      "color_rgb": [
        0.5225,
        0.09499999999999997,
        0.95
      ],
      "rank": 15,
      "score": 0.04938487708568573,
      "width": 0.04958575591444969,
      "depth": 0.029999999329447746,
      "height": 0.029999999329447746,
      "translation": [
        -0.015134463086724281,
        0.026813989505171776,
        -0.06150919571518898
      ],
      "rotation_matrix": [
        [
          0.14391817152500153,
          -0.19325341284275055,
          -0.9705362915992737
        ],
        [
          -0.2771056890487671,
          0.9336404204368591,
          -0.22699794173240662
        ],
        [
          0.949999988079071,
          0.3016102612018585,
          0.08081619441509247
        ]
      ],
      "pose_matrix_4x4": [
        [
          0.14391817152500153,
          -0.19325341284275055,
          -0.9705362915992737,
          -0.015134463086724281
        ],
        [
          -0.2771056890487671,
          0.9336404204368591,
          -0.22699794173240662,
          0.026813989505171776
        ],
        [
          0.949999988079071,
          0.3016102612018585,
          0.08081619441509247,
          -0.06150919571518898
        ],
        [
          0.0,
          0.0,
          0.0,
          1.0
        ]
      ],
      "object_id": -1,
      "camera_projections": {
        "realsense_0": {
          "keypoints_px": {
            "lf_tip": [
              794.75,
              509.58
            ],
            "rf_tip": [
              838.32,
              511.48
            ],
            "lf_base": [
              826.16,
              488.78
            ],
            "rf_base": [
              869.34,
              491.78
            ],
            "wrist": [
              848.31,
              490.32
            ]
          },
          "in_frame": true
        },
        "realsense_1": {
          "keypoints_px": {
            "lf_tip": [
              415.71,
              334.36
            ],
            "rf_tip": [
              433.83,
              375.19
            ],
            "lf_base": [
              406.33,
              315.25
            ],
            "rf_base": [
              424.74,
              356.8
            ],
            "wrist": [
              415.39,
              335.7
            ]
          },
          "in_frame": true
        },
        "realsense_2": {
          "keypoints_px": {
            "lf_tip": [
              721.81,
              455.6
            ],
            "rf_tip": [
              656.43,
              458.03
            ],
            "lf_base": [
              711.08,
              419.74
            ],
            "rf_base": [
              644.61,
              423.35
            ],
            "wrist": [
              677.32,
              421.57
            ]
          },
          "in_frame": true
        }
      }
    },
    {
      "label": "G16",
      "color_rgb": [
        0.09499999999999997,
        0.95,
        0.4370000000000003
      ],
      "rank": 16,
      "score": 0.04937734454870224,
      "width": 0.02511366456747055,
      "depth": 0.004999999888241291,
      "height": 0.029999999329447746,
      "translation": [
        -0.007691264618188143,
        0.025770284235477448,
        -0.053372159600257874
      ],
      "rotation_matrix": [
        [
          -0.34101662039756775,
          0.7053799033164978,
          0.6214070916175842
        ],
        [
          -0.33935707807540894,
          -0.708829402923584,
          0.6183830499649048
        ],
        [
          0.8766666650772095,
          0.0,
          0.4810982644557953
        ]
      ],
      "pose_matrix_4x4": [
        [
          -0.34101662039756775,
          0.7053799033164978,
          0.6214070916175842,
          -0.007691264618188143
        ],
        [
          -0.33935707807540894,
          -0.708829402923584,
          0.6183830499649048,
          0.025770284235477448
        ],
        [
          0.8766666650772095,
          0.0,
          0.4810982644557953,
          -0.053372159600257874
        ],
        [
          0.0,
          0.0,
          0.0,
          1.0
        ]
      ],
      "object_id": -1,
      "camera_projections": {
        "realsense_0": {
          "keypoints_px": {
            "lf_tip": [
              848.29,
              500.95
            ],
            "rf_tip": [
              815.44,
              487.96
            ],
            "lf_base": [
              851.44,
              494.89
            ],
            "rf_base": [
              818.53,
              481.86
            ],
            "wrist": [
              835.01,
              488.38
            ]
          },
          "in_frame": true
        },
        "realsense_1": {
          "keypoints_px": {
            "lf_tip": [
              419.38,
              351.65
            ],
            "rf_tip": [
              428.18,
              333.65
            ],
            "lf_base": [
              420.56,
              347.71
            ],
            "rf_base": [
              429.37,
              329.73
            ],
            "wrist": [
              425.02,
              338.61
            ]
          },
          "in_frame": true
        },
        "realsense_2": {
          "keypoints_px": {
            "lf_tip": [
              668.8,
              431.66
            ],
            "rf_tip": [
              692.7,
              450.4
            ],
            "lf_base": [
              666.12,
              428.45
            ],
            "rf_base": [
              690.1,
              447.24
            ],
            "wrist": [
              677.97,
              437.74
            ]
          },
          "in_frame": true
        }
      }
    },
    {
      "label": "G17",
      "color_rgb": [
        0.95,
        0.3515,
        0.09499999999999997
      ],
      "rank": 17,
      "score": 0.04075126349925995,
      "width": 0.030065076425671577,
      "depth": 0.029999999329447746,
      "height": 0.029999999329447746,
      "translation": [
        -0.03164532035589218,
        0.004471493884921074,
        -0.03609910234808922
      ],
      "rotation_matrix": [
        [
          0.8333065509796143,
          -0.28473004698753357,
          -0.4738449156284332
        ],
        [
          -0.448392391204834,
          0.15320980548858643,
          -0.880608320236206
        ],
        [
          0.3233333230018616,
          0.9462851285934448,
          -4.1363435343555466e-08
        ]
      ],
      "pose_matrix_4x4": [
        [
          0.8333065509796143,
          -0.28473004698753357,
          -0.4738449156284332,
          -0.03164532035589218
        ],
        [
          -0.448392391204834,
          0.15320980548858643,
          -0.880608320236206,
          0.004471493884921074
        ],
        [
          0.3233333230018616,
          0.9462851285934448,
          -4.1363435343555466e-08,
          -0.03609910234808922
        ],
        [
          0.0,
          0.0,
          0.0,
          1.0
        ]
      ],
      "object_id": -1,
      "camera_projections": {
        "realsense_0": {
          "keypoints_px": {
            "lf_tip": [
              784.89,
              508.08
            ],
            "rf_tip": [
              779.07,
              537.11
            ],
            "lf_base": [
              827.09,
              524.81
            ],
            "rf_base": [
              819.95,
              553.86
            ],