{
  "input": "anygrasp_observation_only.npz",
  "num_input_points": 2039,
  "num_grasps_after_nms": 20,
  "lims": [
    -0.05600092187523842,
    0.2233934998512268,
    -0.19738823175430298,
    0.6557978391647339,
    -0.08462303876876831,
    0.002119205892086029
  ],
  "best_score": 0.26032641530036926,
  "best_translation": [
    0.04249146208167076,
    0.01118948869407177,
    -0.04068578779697418
  ],
  "best_rotation_matrix": [
    [
      -0.38795071840286255,
      0.2645094096660614,
      -0.88290935754776
    ],
    [
      -0.7294859886169434,
      0.4973722994327545,
      0.46954336762428284
    ],
    [
      0.5633333325386047,
      0.8262297511100769,
      -3.611565091432567e-08
    ]
  ]
}