{
  "batch_index": 2,
  "grasps": [
    {
      "label": "G0",
      "color_rgb": [
        0.95,
        0.09499999999999997,
        0.09499999999999997
      ],
      "rank": 6,
      "score": 0.11095117777585983,
      "width": 0.07999999821186066,
      "depth": 0.029999999329447746,
      "height": 0.029999999329447746,
      "translation": [
        0.035925865173339844,
        -0.005254259333014488,
        -0.043142952024936676
      ],
      "rotation_matrix": [
        [
          -0.6358653903007507,
          0.7673709392547607,
          -0.08256512880325317
        ],
        [
          -0.05268014967441559,
          0.06357516348361969,
          0.9965856671333313
        ],
        [
          0.7699999809265137,
          0.6380438804626465,
          -2.788978292755928e-08
        ]
      ],
      "pose_matrix_4x4": [
        [
          -0.6358653903007507,
          0.7673709392547607,
          -0.08256512880325317,
          0.035925865173339844
        ],
        [
          -0.05268014967441559,
          0.06357516348361969,
          0.9965856671333313,
          -0.005254259333014488
        ],
        [
          0.7699999809265137,
          0.6380438804626465,
          -2.788978292755928e-08,
          -0.043142952024936676
        ],
        [
          0.0,
          0.0,
          0.0,
          1.0
        ]
      ],
      "object_id": -1,
      "camera_projections": {
        "realsense_0": {
          "keypoints_px": {
            "lf_tip": [
              800.02,
              517.29
            ],
            "rf_tip": [
              725.73,
              482.92
            ],
            "lf_base": [
              800.13,
              475.3
            ],
            "rf_base": [
              725.16,
              444.82
            ],
            "wrist": [
              760.67,
              459.26
            ]
          },
          "in_frame": true
        },
        "realsense_1": {
          "keypoints_px": {
            "lf_tip": [
              404.19,
              331.63
            ],
            "rf_tip": [
              478.55,
              346.77
            ],
            "lf_base": [
              416.4,
              302.49
            ],
            "rf_base": [
              490.71,
              319.6
            ],
            "wrist": [
              454.74,
              311.32
            ]
          },
          "in_frame": true
        },
        "realsense_2": {
          "keypoints_px": {
            "lf_tip": [
              729.36,
              442.89
            ],
            "rf_tip": [
              715.85,
              559.43
            ],
            "lf_base": [
              727.28,
              436.49
            ],
            "rf_base": [
              713.06,
              558.59
            ],
            "wrist": [
              720.26,
              496.78
            ]
          },
          "in_frame": true
        }
      }
    },
    {
      "label": "G1",
      "color_rgb": [
        0.09499999999999997,
        0.95,
        0.09499999999999997
      ],
      "rank": 7,
      "score": 0.10861840099096298,
      "width": 0.04301432520151138,
      "depth": 0.019999999552965164,
      "height": 0.029999999329447746,
      "translation": [
        0.007348332554101944,
        0.05068611353635788,
        -0.031991470605134964
      ],
      "rotation_matrix": [
        [
          0.33706778287887573,
          -0.4693089723587036,
          -0.8161705732345581
        ],
        [
          -0.7389909029006958,
          0.40524056553840637,
          -0.5382123589515686
        ],
        [
          0.5833333134651184,
          0.7845566868782043,
          -0.21022151410579681
        ]
      ],
      "pose_matrix_4x4": [
        [
          0.33706778287887573,
          -0.4693089723587036,
          -0.8161705732345581,
          0.007348332554101944
        ],
        [
          -0.7389909029006958,
          0.40524056553840637,
          -0.5382123589515686,
          0.05068611353635788
        ],
        [
          0.5833333134651184,
          0.7845566868782043,
          -0.21022151410579681,
          -0.031991470605134964
        ],
        [
          0.0,
          0.0,
          0.0,
          1.0
        ]
      ],
      "object_id": -1,
      "camera_projections": {
        "realsense_0": {
          "keypoints_px": {
            "lf_tip": [
              798.83,
              464.28
            ],
            "rf_tip": [
              810.95,
              504.15
            ],
            "lf_base": [
              825.86,
              456.98
            ],
            "rf_base": [
              837.1,
              497.27
            ],
            "wrist": [
              831.58,
              477.48
            ]
          },
          "in_frame": true
        },
        "realsense_1": {
          "keypoints_px": {
            "lf_tip": [
              461.86,
              337.25
            ],
            "rf_tip": [
              460.96,
              384.96
            ],
            "lf_base": [
              459.81,
              337.6
            ],
            "rf_base": [
              458.89,
              386.51
            ],
            "wrist": [
              459.35,
              362.09
            ]
          },
          "in_frame": true
        },
        "realsense_2": {
          "keypoints_px": {
            "lf_tip": [
              672.09,
              487.49
            ],
            "rf_tip": [
              649.99,
              499.37
            ],
            "lf_base": [
              650.79,
              466.66
            ],
            "rf_base": [
              629.89,
              479.77
            ],
            "wrist": [
              640.03,
              473.41
            ]
          },
          "in_frame": true
        }
      }
    },
    {
      "label": "G2",
      "color_rgb": [
        0.09499999999999997,
        0.09499999999999997,
        0.95
      ],
      "rank": 8,
      "score": 0.0813976377248764,
      "width": 0.060719653964042664,
      "depth": 0.029999999329447746,
      "height": 0.029999999329447746,
      "translation": [
        0.047110918909311295,
        0.009600085206329823,
        -0.033407654613256454
      ],
      "rotation_matrix": [
        [
          -0.38795071840286255,
          -0.21238285303115845,
          -0.8968766331672668
        ],
        [
          -0.7294859886169434,
          0.6655087471008301,
          0.15795034170150757
        ],
        [
          0.5633333325386047,
          0.7155359387397766,
          -0.4131149351596832
        ]
      ],
      "pose_matrix_4x4": [
        [
          -0.38795071840286255,
          -0.21238285303115845,
          -0.8968766331672668,
          0.047110918909311295
        ],
        [
          -0.7294859886169434,
          0.6655087471008301,
          0.15795034170150757,
          0.009600085206329823
        ],
        [
          0.5633333325386047,
          0.7155359387397766,
          -0.4131149351596832,
          -0.033407654613256454
        ],
        [
          0.0,
          0.0,
          0.0,
          1.0
        ]
      ],
      "object_id": -1,
      "camera_projections": {
        "realsense_0": {
          "keypoints_px": {
            "lf_tip": [
              724.6,
              467.22
            ],
            "rf_tip": [
              751.75,
              497.89
            ],
            "lf_base": [
              747.89,
              431.94
            ],