{
  "batch_index": 6,
  "grasps": [
    {
      "label": "G0",
      "color_rgb": [
        0.95,
        0.09499999999999997,
        0.09499999999999997
      ],
      "rank": 18,
      "score": 0.040471747517585754,
      "width": 0.036188531666994095,
      "depth": 0.004999999888241291,
      "height": 0.029999999329447746,
      "translation": [
        0.03565075993537903,
        -0.016702748835086823,
        -0.03290450572967529
      ],
      "rotation_matrix": [
        [
          -0.8306755423545837,
          -0.5566261410713196,
          -0.012059495784342289
        ],
        [
          -0.01001827698200941,
          -0.006713089067488909,
          0.9999272227287292
        ],
        [
          -0.5566666722297668,
          0.8307359218597412,
          -3.631262046610573e-08
        ]
      ],
      "pose_matrix_4x4": [
        [
          -0.8306755423545837,
          -0.5566261410713196,
          -0.012059495784342289,
          0.03565075993537903
        ],
        [
          -0.01001827698200941,
          -0.006713089067488909,
          0.9999272227287292,
          -0.016702748835086823
        ],
        [
          -0.5566666722297668,
          0.8307359218597412,
          -3.631262046610573e-08,
          -0.03290450572967529
        ],
        [
          0.0,
          0.0,
          0.0,
          1.0
        ]
      ],
      "object_id": -1,
      "camera_projections": {
        "realsense_0": {
          "keypoints_px": {
            "lf_tip": [
              748.77,
              451.27
            ],
            "rf_tip": [
              747.39,
              497.78
            ],
            "lf_base": [
              743.85,
              448.83
            ],
            "rf_base": [
              742.55,
              495.09
            ],
            "wrist": [
              743.19,
              472.16
            ]
          },
          "in_frame": true
        },
        "realsense_1": {
          "keypoints_px": {
            "lf_tip": [
              452.24,
              297.07
            ],
            "rf_tip": [
              441.76,
              332.11
            ],
            "lf_base": [
              456.89,
              297.57
            ],
            "rf_base": [
              446.39,
              332.47
            ],
            "wrist": [
              451.61,
              315.13
            ]
          },
          "in_frame": true
        },
        "realsense_2": {
          "keypoints_px": {
            "lf_tip": [
              738.03,
              495.9
            ],
            "rf_tip": [
              737.27,
              505.59
            ],
            "lf_base": [
              737.59,
              503.61
            ],
            "rf_base": [
              736.85,
              512.9
            ],
            "wrist": [
              737.21,
              508.39
            ]
          },
          "in_frame": true
        }
      }
    },
    {
      "label": "G1",
      "color_rgb": [
        0.09499999999999997,
        0.95,
        0.95
      ],
      "rank": 19,
      "score": 0.04022572562098503,
      "width": 0.038015544414520264,
      "depth": 0.004999999888241291,
      "height": 0.029999999329447746,
      "translation": [
        0.07604123651981354,
        -0.11742816120386124,
        -0.04866309091448784
      ],
      "rotation_matrix": [
        [
          -0.40493783354759216,
          0.8887749910354614,
          -0.2147194743156433
        ],
        [
          -0.08902444690465927,
          0.19539472460746765,
          0.976675808429718
        ],
        [
          0.9100000262260437,
          0.41460826992988586,
          -1.8123103018297115e-08
        ]
      ],
      "pose_matrix_4x4": [
        [
          -0.40493783354759216,
          0.8887749910354614,
          -0.2147194743156433,
          0.07604123651981354
        ],
        [
          -0.08902444690465927,
          0.19539472460746765,
          0.976675808429718,
          -0.11742816120386124
        ],
        [
          0.9100000262260437,
          0.41460826992988586,
          -1.8123103018297115e-08,
          -0.04866309091448784
        ],
        [
          0.0,
          0.0,
          0.0,
          1.0
        ]
      ],
      "object_id": -1,
      "camera_projections": {
        "realsense_0": {
          "keypoints_px": {
            "lf_tip": [
              616.09,
              475.67
            ],
            "rf_tip": [
              592.87,
              445.11
            ],
            "lf_base": [
              617.26,
              469.01
            ],
            "rf_base": [
              593.9,
              438.69
            ],
            "wrist": [
              605.27,
              453.45
            ]
          },
          "in_frame": true
        },
        "realsense_1": {
          "keypoints_px": {
            "lf_tip": [
              417.28,
              247.66
            ],
            "rf_tip": [
              453.63,
              249.64
            ],
            "lf_base": [
              417.97,
              243.19
            ],
            "rf_base": [
              454.4,
              245.26
            ],
            "wrist": [
              436.37,
              244.24
            ]
          },
          "in_frame": true
        },
        "realsense_2": {
          "keypoints_px": {
            "lf_tip": [
              907.42,
              522.51
            ],
            "rf_tip": [
              897.16,
              581.19
            ],
            "lf_base": [
              908.24,
              519.86
            ],
            "rf_base": [
              897.92,
              578.93
            ],
            "wrist": [
              903.15,
              548.98
            ]
          },
          "in_frame": true
        }
      }
    }
  ]
}