{
  "batch_index": 1,
  "grasps": [
    {
      "label": "G3",
      "color_rgb": [
        0.2659999999999994,
        0.09499999999999997,
        0.95
      ],
      "rank": 3,
      "score": 0.13773633539676666,
      "width": 0.03344786539673805,
      "depth": 0.019999999552965164,
      "height": 0.029999999329447746,
      "translation": [
        0.009842963889241219,
        0.05027034506201744,
        -0.034299179911613464
      ],
      "rotation_matrix": [
        [
          0.06589152663946152,
          -0.04118236154317856,
          -0.9969765543937683
        ],
        [
          -0.8454338312149048,
          0.5283976197242737,
          -0.07770249992609024
        ],
        [
          0.5300000309944153,
          0.8479976058006287,
          -3.7067152902636735e-08
        ]
      ],
      "pose_matrix_4x4": [
        [
          0.06589152663946152,
          -0.04118236154317856,
          -0.9969765543937683,
          0.009842963889241219
        ],
        [
          -0.8454338312149048,
          0.5283976197242737,
          -0.07770249992609024,
          0.05027034506201744
        ],
        [
          0.5300000309944153,
          0.8479976058006287,
          -3.7067152902636735e-08,
          -0.034299179911613464
        ],
        [
          0.0,
          0.0,
          0.0,
          1.0
        ]
      ],
      "object_id": -1,
      "camera_projections": {
        "realsense_0": {
          "keypoints_px": {
            "lf_tip": [
              806.88,
              478.49
            ],
            "rf_tip": [
              807.21,
              493.81
            ],
            "lf_base": [
              830.96,
              465.1
            ],
            "rf_base": [
              830.26,
              480.96
            ],
            "wrist": [
              830.6,
              473.2
            ]
          },
          "in_frame": true
        },
        "realsense_1": {
          "keypoints_px": {
            "lf_tip": [
              448.38,
              341.61
            ],
            "rf_tip": [
              464.22,
              375.28
            ],
            "lf_base": [
              452.81,
              341.26
            ],
            "rf_base": [
              468.98,
              375.72
            ],
            "wrist": [
              460.93,
              358.55
            ]
          },
          "in_frame": true
        },
        "realsense_2": {
          "keypoints_px": {
            "lf_tip": [
              677.51,
              474.06
            ],
            "rf_tip": [
              652.37,
              500.21
            ],
            "lf_base": [
              652.62,
              459.99
            ],
            "rf_base": [
              628.08,
              486.76
            ],
            "wrist": [
              640.16,
              473.59
            ]
          },
          "in_frame": true
        }
      }
    },
    {
      "label": "G4",
      "color_rgb": [
        0.95,
        0.09499999999999997,
        0.09499999999999997
      ],
      "rank": 4,
      "score": 0.1374450922012329,
      "width": 0.07999999821186066,
      "depth": 0.019999999552965164,
      "height": 0.029999999329447746,
      "translation": [
        0.005239809397608042,
        0.056602172553539276,
        -0.027291467413306236
      ],
      "rotation_matrix": [
        [
          0.06589152663946152,
          0.9969765543937683,
          -0.04118231683969498
        ],
        [
          -0.8454338312149048,
          0.07770247757434845,
          0.5283976197242737
        ],
        [
          0.5300000309944153,
          0.0,
          0.8479976058006287
        ]
      ],
      "pose_matrix_4x4": [
        [
          0.06589152663946152,
          0.9969765543937683,
          -0.04118231683969498,
          0.005239809397608042
        ],
        [
          -0.8454338312149048,
          0.07770247757434845,
          0.5283976197242737,
          0.056602172553539276
        ],
        [
          0.5300000309944153,
          0.0,
          0.8479976058006287,
          -0.027291467413306236
        ],
        [
          0.0,
          0.0,
          0.0,
          1.0
        ]
      ],
      "object_id": -1,
      "camera_projections": {
        "realsense_0": {
          "keypoints_px": {
            "lf_tip": [
              842.89,
              540.36
            ],
            "rf_tip": [
              783.78,
              450.29
            ],
            "lf_base": [
              866.88,
              526.83
            ],
            "rf_base": [
              806.46,
              437.76
            ],
            "wrist": [
              835.74,
              480.93
            ]
          },
          "in_frame": true
        },
        "realsense_1": {
          "keypoints_px": {
            "lf_tip": [
              416.36,
              389.55
            ],
            "rf_tip": [
              496.59,
              351.13
            ],
            "lf_base": [
              420.1,
              390.34
            ],
            "rf_base": [
              502.04,
              351.01
            ],
            "wrist": [
              461.78,
              370.33
            ]
          },
          "in_frame": true
        },
        "realsense_2": {
          "keypoints_px": {
            "lf_tip": [
              665.79,
              450.54
            ],
            "rf_tip": [
              645.95,
              531.72
            ],
            "lf_base": [
              642.64,
              437.34
            ],
            "rf_base": [
              620.34,
              517.79
            ],
            "wrist": [
              632.02,
              475.64
            ]
          },
          "in_frame": true
        }
      }
    },
    {
      "label": "G5",
      "color_rgb": [
        0.95,
        0.09499999999999997,
        0.8645000000000003
      ],
      "rank": 5,
      "score": 0.12063691020011902,
      "width": 0.020659521222114563,
      "depth": 0.004999999888241291,
      "height": 0.029999999329447746,
      "translation": [
        0.04654812067747116,
        -0.027529025450348854,
        -0.023420818150043488
      ],
      "rotation_matrix": [
        [
          -0.9596739411354065,
          0.2619600296020508,
          0.10199467837810516
        ],
        [
          0.09839478135108948,
          -0.026858558878302574,
          0.994784951210022
        ],
        [
          0.2633333206176758,
          0.9647049307823181,
          -4.21685903972957e-08
        ]
      ],
      "pose_matrix_4x4": [
        [
          -0.9596739411354065,
          0.2619600296020508,
          0.10199467837810516,
          0.04654812067747116
        ],
        [
          0.09839478135108948,
          -0.026858558878302574,
          0.994784951210022,
          -0.027529025450348854
        ],
        [
          0.2633333206176758,
          0.9647049307823181,
          -4.21685903972957e-08,
          -0.023420818150043488
        ],
        [
          0.0,
          0.0,
          0.0,
          1.0
        ]
      ],
      "object_id": -1,
      "camera_projections": {
        "realsense_0": {
          "keypoints_px": {
            "lf_tip": [
              729.52,
              473.04
            ],
            "rf_tip": [
              713.92,
              482.44
            ],
            "lf_base": [
              725.94,
              466.76
            ],