{
  "camera_name": "realsense_1",
  "image_path": "/cmlscratch/xyu054/Sim-to-Real_policy_verification/phystwin/Calib/Data/image_rs_multi_20260515_174707/bundle_000000/realsense_1/rgb.jpg",
  "world_frame": "charuco_board",
  "board": {
    "squares_x": 4,
    "squares_y": 5,
    "square_length": 0.04,
    "marker_length": 0.03,
    "dictionary": "DICT_4X4_50"
  },
  "image_size": [
    1280,
    720
  ],
  "num_markers": 10,
  "num_charuco": 12,
  "reproj_rms": 0.10182981677883858,
  "K": [
    [
      901.4366339935079,
      0.0,
      636.3555062788643
    ],
    [
      0.0,
      905.2696882852621,
      367.8772021484566
    ],
    [
      0.0,
      0.0,
      1.0
    ]
  ],
  "dist": [
    0.06771389939282217,
    0.3260085667227823,
    0.002939944386461803,
    -0.005476651239650661,
    -1.501486425386565
  ],
  "rvec_cam_from_board": [
    -0.8808139396789886,
    -0.16736996552315786,
    -0.6614309625432011
  ],
  "tvec_cam_from_board": [
    -0.1882496858127268,
    -0.0003503030677243804,
    0.8461690107339107
  ],
  "T_cam_from_board": [
    [
      0.7903506661736204,
      0.5992290346768576,
      0.1275554329660484,
      -0.1882496858127268
    ],
    [
      -0.46644002798622847,
      0.45355400162362053,
      0.7594224568074132,
      -0.0003503030677243804
    ],
    [
      0.39721470865404895,
      -0.6597070043674255,
      0.6379711150337739,
      0.8461690107339107
    ],
    [
      0.0,
      0.0,
      0.0,
      1.0
    ]
  ],
  "T_board_from_cam": [
    [
      0.7903506661736204,
      -0.46644002798622847,
      0.39721470865404895,
      -0.1874909078544048
    ],
    [
      0.5992290346768576,
      0.45355400162362053,
      -0.6597070043674255,
      0.6711871821257456
    ],
    [
      0.1275554329660484,
      0.7594224568074132,
      0.6379711150337739,
      -0.5155530890890551
    ],
    [
      0.0,
      0.0,
      0.0,
      1.0
    ]
  ],
  "T_cam_from_world": [
    [
      0.7903506661736204,
      0.5992290346768576,
      0.1275554329660484,
      -0.1882496858127268
    ],
    [
      -0.46644002798622847,
      0.45355400162362053,
      0.7594224568074132,
      -0.0003503030677243804
    ],
    [
      0.39721470865404895,
      -0.6597070043674255,
      0.6379711150337739,
      0.8461690107339107
    ],
    [
      0.0,
      0.0,
      0.0,
      1.0
    ]
  ],
  "T_world_from_cam": [
    [
      0.7903506661736204,
      -0.46644002798622847,
      0.39721470865404895,
      -0.1874909078544048
    ],
    [
      0.5992290346768576,
      0.45355400162362053,
      -0.6597070043674255,
      0.6711871821257456
    ],
    [
      0.1275554329660484,
      0.7594224568074132,
      0.6379711150337739,
      -0.5155530890890551
    ],
    [
      0.0,
      0.0,
      0.0,
      1.0
    ]
  ],
  "phys_twin_c2w": [
    [
      0.7903506661736204,
      -0.46644002798622847,
      0.39721470865404895,
      -0.1874909078544048
    ],
    [
      0.5992290346768576,
      0.45355400162362053,
      -0.6597070043674255,
      0.6711871821257456
    ],
    [
      0.1275554329660484,
      0.7594224568074132,
      0.6379711150337739,
      -0.5155530890890551
    ],
    [
      0.0,
      0.0,
      0.0,
      1.0
    ]
  ]
}