{
  "batch_index": 4,
  "grasps": [
    {
      "label": "G12",
      "color_rgb": [
        0.7789999999999998,
        0.95,
        0.09499999999999997
      ],
      "rank": 12,
      "score": 0.05444356054067612,
      "width": 0.039689160883426666,
      "depth": 0.029999999329447746,
      "height": 0.029999999329447746,
      "translation": [
        -0.018556809052824974,
        0.019936757162213326,
        -0.05608344078063965
      ],
      "rotation_matrix": [
        [
          0.6265186071395874,
          -0.7753347158432007,
          0.07956463098526001
        ],
        [
          0.32151898741722107,
          0.1641068160533905,
          -0.9325740933418274
        ],
        [
          0.7099999785423279,
          0.6098566055297852,
          0.35210081934928894
        ]
      ],
      "pose_matrix_4x4": [
        [
          0.6265186071395874,
          -0.7753347158432007,
          0.07956463098526001,
          -0.018556809052824974
        ],
        [
          0.32151898741722107,
          0.1641068160533905,
          -0.9325740933418274,
          0.019936757162213326
        ],
        [
          0.7099999785423279,
          0.6098566055297852,
          0.35210081934928894,
          -0.05608344078063965
        ],
        [
          0.0,
          0.0,
          0.0,
          1.0
        ]
      ],
      "object_id": -1,
      "camera_projections": {
        "realsense_0": {
          "keypoints_px": {
            "lf_tip": [
              811.17,
              466.61
            ],
            "rf_tip": [
              827.79,
              516.81
            ],
            "lf_base": [
              832.22,
              475.25
            ],
            "rf_base": [
              849.42,
              527.71
            ],
            "wrist": [
              840.86,
              501.6
            ]
          },
          "in_frame": true
        },
        "realsense_1": {
          "keypoints_px": {
            "lf_tip": [
              450.37,
              332.68
            ],
            "rf_tip": [
              430.69,
              372.81
            ],
            "lf_base": [
              420.28,
              318.53
            ],
            "rf_base": [
              400.2,
              359.39
            ],
            "wrist": [
              410.25,
              338.95
            ]
          },
          "in_frame": true
        },
        "realsense_2": {
          "keypoints_px": {
            "lf_tip": [
              674.42,
              468.23
            ],
            "rf_tip": [
              668.75,
              462.07
            ],
            "lf_base": [
              691.06,
              426.63
            ],
            "rf_base": [
              684.4,
              422.97
            ],
            "wrist": [
              687.63,
              424.75
            ]
          },
          "in_frame": true
        }
      }
    },
    {
      "label": "G13",
      "color_rgb": [
        0.95,
        0.09499999999999997,
        0.3515000000000006
      ],
      "rank": 13,
      "score": 0.05228562653064728,
      "width": 0.016666995361447334,
      "depth": 0.004999999888241291,
      "height": 0.029999999329447746,
      "translation": [
        -0.008292589336633682,
        0.03242315351963043,
        -0.05249284952878952
      ],
      "rotation_matrix": [
        [
          -0.0031894217245280743,
          -0.9649590849876404,
          -0.26238128542900085
        ],
        [
          -0.6537930965423584,
          0.20054936408996582,
          -0.7296125888824463
        ],
        [
          0.7566666603088379,
          0.16921602189540863,
          -0.6315231919288635
        ]
      ],
      "pose_matrix_4x4": [
        [
          -0.0031894217245280743,
          -0.9649590849876404,
          -0.26238128542900085,
          -0.008292589336633682
        ],
        [
          -0.6537930965423584,
          0.20054936408996582,
          -0.7296125888824463,
          0.03242315351963043
        ],
        [
          0.7566666603088379,
          0.16921602189540863,
          -0.6315231919288635,
          -0.05249284952878952
        ],
        [
          0.0,
          0.0,
          0.0,
          1.0
        ]
      ],
      "object_id": -1,
      "camera_projections": {
        "realsense_0": {
          "keypoints_px": {
            "lf_tip": [
              827.98,
              481.61
            ],
            "rf_tip": [
              843.38,
              500.94
            ],
            "lf_base": [
              833.66,
              477.31
            ],
            "rf_base": [
              849.1,
              496.63
            ],
            "wrist": [
              841.36,
              486.94
            ]
          },
          "in_frame": true
        },
        "realsense_1": {
          "keypoints_px": {
            "lf_tip": [
              434.33,
              338.51
            ],
            "rf_tip": [
              420.77,
              351.06
            ],
            "lf_base": [
              434.86,
              336.74
            ],
            "rf_base": [
              421.23,
              349.35
            ],
            "wrist": [
              428.07,
              343.02
            ]
          },
          "in_frame": true
        },
        "realsense_2": {
          "keypoints_px": {
            "lf_tip": [
              674.6,
              448.45
            ],
            "rf_tip": [
              671.66,
              435.45
            ],
            "lf_base": [
              669.78,
              444.11
            ],
            "rf_base": [
              666.94,
              431.17
            ],
            "wrist": [
              668.34,
              437.57
            ]
          },
          "in_frame": true
        }
      }
    },
    {
      "label": "G14",
      "color_rgb": [
        0.2660000000000001,
        0.95,
        0.09499999999999997
      ],
      "rank": 14,
      "score": 0.050570446997880936,
      "width": 0.060832444578409195,
      "depth": 0.029999999329447746,
      "height": 0.029999999329447746,
      "translation": [
        0.03856880962848663,
        -0.015621979720890522,
        -0.033816948533058167
      ],
      "rotation_matrix": [
        [
          -0.8568745851516724,
          0.5090150833129883,
          -0.08166803419589996
        ],
        [
          0.16020597517490387,
          0.4134957790374756,
          0.8963009715080261
        ],
        [
          0.49000000953674316,
          0.754933774471283,
          -0.4358612895011902
        ]
      ],
      "pose_matrix_4x4": [
        [
          -0.8568745851516724,
          0.5090150833129883,
          -0.08166803419589996,
          0.03856880962848663
        ],
        [
          0.16020597517490387,
          0.4134957790374756,
          0.8963009715080261,
          -0.015621979720890522
        ],
        [
          0.49000000953674316,
          0.754933774471283,
          -0.4358612895011902,
          -0.033816948533058167
        ],
        [
          0.0,
          0.0,
          0.0,
          1.0
        ]
      ],
      "object_id": -1,
      "camera_projections": {
        "realsense_0": {
          "keypoints_px": {
            "lf_tip": [
              773.4,
              512.77
            ],
            "rf_tip": [
              747.0,
              500.16
            ],
            "lf_base": [
              755.49,
              472.43
            ],