{
  "batch_index": 3,
  "grasps": [
    {
      "label": "G0",
      "color_rgb": [
        0.95,
        0.09499999999999997,
        0.09499999999999997
      ],
      "rank": 9,
      "score": 0.07460922747850418,
      "width": 0.07999999821186066,
      "depth": 0.029999999329447746,
      "height": 0.029999999329447746,
      "translation": [
        -0.0035616708919405937,
        0.03175908327102661,
        -0.05009526386857033
      ],
      "rotation_matrix": [
        [
          -0.0031894217245280743,
          0.9999881386756897,
          0.0036912295036017895
        ],
        [
          -0.6537930965423584,
          -0.004878276959061623,
          0.7566576600074768
        ],
        [
          0.7566666603088379,
          0.0,
          0.653800904750824
        ]
      ],
      "pose_matrix_4x4": [
        [
          -0.0031894217245280743,
          0.9999881386756897,
          0.0036912295036017895,
          -0.0035616708919405937
        ],
        [
          -0.6537930965423584,
          -0.004878276959061623,
          0.7566576600074768,
          0.03175908327102661
        ],
        [
          0.7566666603088379,
          0.0,
          0.653800904750824,
          -0.05009526386857033
        ],
        [
          0.0,
          0.0,
          0.0,
          1.0
        ]
      ],
      "object_id": -1,
      "camera_projections": {
        "realsense_0": {
          "keypoints_px": {
            "lf_tip": [
              835.99,
              556.69
            ],
            "rf_tip": [
              768.36,
              464.36
            ],
            "lf_base": [
              871.05,
              530.74
            ],
            "rf_base": [
              800.92,
              439.23
            ],
            "wrist": [
              834.95,
              483.63
            ]
          },
          "in_frame": true
        },
        "realsense_1": {
          "keypoints_px": {
            "lf_tip": [
              390.74,
              373.29
            ],
            "rf_tip": [
              468.14,
              332.45
            ],
            "lf_base": [
              392.45,
              363.7
            ],
            "rf_base": [
              472.41,
              321.85
            ],
            "wrist": [
              433.24,
              342.35
            ]
          },
          "in_frame": true
        },
        "realsense_2": {
          "keypoints_px": {
            "lf_tip": [
              700.04,
              432.04
            ],
            "rf_tip": [
              693.52,
              512.3
            ],
            "lf_base": [
              673.22,
              407.09
            ],
            "rf_base": [
              663.79,
              486.52
            ],
            "wrist": [
              668.74,
              444.86
            ]
          },
          "in_frame": true
        }
      }
    },
    {
      "label": "G1",
      "color_rgb": [
        0.09499999999999997,
        0.95,
        0.09499999999999997
      ],
      "rank": 10,
      "score": 0.06935057789087296,
      "width": 0.02417846769094467,
      "depth": 0.004999999888241291,
      "height": 0.029999999329447746,
      "translation": [
        0.0313291922211647,
        -0.022418800741434097,
        -0.025377636775374413
      ],
      "rotation_matrix": [
        [
          -0.9419974088668823,
          -0.0017998144030570984,
          -0.335615336894989
        ],
        [
          -0.32332783937454224,
          0.27302300930023193,
          0.9060449600219727
        ],
        [
          0.09000000357627869,
          0.9620057940483093,
          -0.2577688992023468
        ]
      ],
      "pose_matrix_4x4": [
        [
          -0.9419974088668823,
          -0.0017998144030570984,
          -0.335615336894989,
          0.0313291922211647
        ],
        [
          -0.32332783937454224,
          0.27302300930023193,
          0.9060449600219727,
          -0.022418800741434097
        ],
        [
          0.09000000357627869,
          0.9620057940483093,
          -0.2577688992023468,
          -0.025377636775374413
        ],
        [
          0.0,
          0.0,
          0.0,
          1.0
        ]
      ],
      "object_id": -1,
      "camera_projections": {
        "realsense_0": {
          "keypoints_px": {
            "lf_tip": [
              741.43,
              484.03
            ],
            "rf_tip": [
              735.17,
              498.98
            ],
            "lf_base": [
              739.58,
              477.55
            ],
            "rf_base": [
              733.4,
              492.64
            ],
            "wrist": [
              736.44,
              485.21
            ]
          },
          "in_frame": true
        },
        "realsense_1": {
          "keypoints_px": {
            "lf_tip": [
              437.07,
              311.59
            ],
            "rf_tip": [
              446.69,
              334.0
            ],
            "lf_base": [
              442.09,
              309.71
            ],
            "rf_base": [
              451.65,
              332.12
            ],
            "wrist": [
              446.9,
              320.98
            ]
          },
          "in_frame": true
        },
        "realsense_2": {
          "keypoints_px": {
            "lf_tip": [
              753.92,
              495.61
            ],
            "rf_tip": [
              742.3,
              518.98
            ],
            "lf_base": [
              751.39,
              500.13
            ],
            "rf_base": [
              739.76,
              523.54
            ],
            "wrist": [
              745.5,
              511.98
            ]
          },
          "in_frame": true
        }
      }
    },
    {
      "label": "G2",
      "color_rgb": [
        0.09499999999999997,
        0.09499999999999997,
        0.95
      ],
      "rank": 11,
      "score": 0.06729504466056824,
      "width": 0.060403674840927124,
      "depth": 0.019999999552965164,
      "height": 0.029999999329447746,
      "translation": [
        0.027753489091992378,
        6.564892828464508e-05,
        -0.04116193205118179
      ],
      "rotation_matrix": [
        [
          -0.1557886302471161,
          0.39417675137519836,
          -0.9057342410087585
        ],
        [
          -0.33291125297546387,
          0.8423328399658203,
          0.42384597659111023
        ],
        [
          0.9300000071525574,
          0.3675594925880432,
          -1.6066536545622512e-08
        ]
      ],
      "pose_matrix_4x4": [
        [
          -0.1557886302471161,
          0.39417675137519836,
          -0.9057342410087585,
          0.027753489091992378
        ],
        [
          -0.33291125297546387,
          0.8423328399658203,
          0.42384597659111023,
          6.564892828464508e-05
        ],
        [
          0.9300000071525574,
          0.3675594925880432,
          -1.6066536545622512e-08,
          -0.04116193205118179
        ],
        [
          0.0,
          0.0,
          0.0,
          1.0
        ]
      ],
      "object_id": -1,
      "camera_projections": {
        "realsense_0": {
          "keypoints_px": {
            "lf_tip": [
              746.16,
              504.67
            ],
            "rf_tip": [
              765.81,
              473.43
            ],
            "lf_base": [
              761.87,
              483.47
            ],