{
  "batch_index": 0,
  "grasps": [
    {
      "label": "G0",
      "color_rgb": [
        0.95,
        0.09499999999999997,
        0.09499999999999997
      ],
      "rank": 0,
      "score": 0.26032641530036926,
      "width": 0.0536981001496315,
      "depth": 0.029999999329447746,
      "height": 0.029999999329447746,
      "translation": [
        0.04249146208167076,
        0.01118948869407177,
        -0.04068578779697418
      ],
      "rotation_matrix": [
        [
          -0.38795071840286255,
          0.2645094096660614,
          -0.88290935754776
        ],
        [
          -0.7294859886169434,
          0.4973722994327545,
          0.46954336762428284
        ],
        [
          0.5633333325386047,
          0.8262297511100769,
          -3.611565091432567e-08
        ]
      ],
      "pose_matrix_4x4": [
        [
          -0.38795071840286255,
          0.2645094096660614,
          -0.88290935754776,
          0.04249146208167076
        ],
        [
          -0.7294859886169434,
          0.4973722994327545,
          0.46954336762428284,
          0.01118948869407177
        ],
        [
          0.5633333325386047,
          0.8262297511100769,
          -3.611565091432567e-08,
          -0.04068578779697418
        ],
        [
          0.0,
          0.0,
          0.0,
          1.0
        ]
      ],
      "object_id": -1,
      "camera_projections": {
        "realsense_0": {
          "keypoints_px": {
            "lf_tip": [
              752.82,
              478.6
            ],
            "rf_tip": [
              743.54,
              485.41
            ],
            "lf_base": [
              776.18,
              442.69
            ],
            "rf_base": [
              765.18,
              452.21
            ],
            "wrist": [
              770.46,
              447.64
            ]
          },
          "in_frame": true
        },
        "realsense_1": {
          "keypoints_px": {
            "lf_tip": [
              433.24,
              306.34
            ],
            "rf_tip": [
              471.64,
              348.83
            ],
            "lf_base": [
              450.27,
              295.61
            ],
            "rf_base": [
              489.28,
              339.35
            ],
            "wrist": [
              469.96,
              317.7
            ]
          },
          "in_frame": true
        },
        "realsense_2": {
          "keypoints_px": {
            "lf_tip": [
              749.74,
              482.16
            ],
            "rf_tip": [
              706.55,
              541.02
            ],
            "lf_base": [
              716.42,
              474.31
            ],
            "rf_base": [
              672.97,
              535.16
            ],
            "wrist": [
              694.35,
              505.21
            ]
          },
          "in_frame": true
        }
      }
    },
    {
      "label": "G1",
      "color_rgb": [
        0.09499999999999997,
        0.95,
        0.09499999999999997
      ],
      "rank": 1,
      "score": 0.18041492998600006,
      "width": 0.02503877878189087,
      "depth": 0.029999999329447746,
      "height": 0.029999999329447746,
      "translation": [
        0.05271904915571213,
        -0.04575653001666069,
        -0.02451789379119873
      ],
      "rotation_matrix": [
        [
          -0.8256055116653442,
          0.42379772663116455,
          -0.37251999974250793
        ],
        [
          -0.3314078748226166,
          0.17011751234531403,
          0.9280242323875427
        ],
        [
          0.4566667079925537,
          0.8896379470825195,
          -3.888731114898292e-08
        ]
      ],
      "pose_matrix_4x4": [
        [
          -0.8256055116653442,
          0.42379772663116455,
          -0.37251999974250793,
          0.05271904915571213
        ],
        [
          -0.3314078748226166,
          0.17011751234531403,
          0.9280242323875427,
          -0.04575653001666069
        ],
        [
          0.4566667079925537,
          0.8896379470825195,
          -3.888731114898292e-08,
          -0.02451789379119873
        ],
        [
          0.0,
          0.0,
          0.0,
          1.0
        ]
      ],
      "object_id": -1,
      "camera_projections": {
        "realsense_0": {
          "keypoints_px": {
            "lf_tip": [
              703.43,
              513.36
            ],
            "rf_tip": [
              688.12,
              515.5
            ],
            "lf_base": [
              702.21,
              469.24
            ],
            "rf_base": [
              687.12,
              472.91
            ],
            "wrist": [
              694.53,
              471.11
            ]
          },
          "in_frame": true
        },
        "realsense_1": {
          "keypoints_px": {
            "lf_tip": [
              423.32,
              312.47
            ],
            "rf_tip": [
              440.92,
              327.5
            ],
            "lf_base": [
              446.53,
              294.05
            ],
            "rf_base": [
              463.82,
              309.49
            ],
            "wrist": [
              455.25,
              301.84
            ]
          },
          "in_frame": true
        },
        "realsense_2": {
          "keypoints_px": {
            "lf_tip": [
              798.29,
              509.2
            ],
            "rf_tip": [
              789.57,
              542.85
            ],
            "lf_base": [
              785.43,
              521.65
            ],
            "rf_base": [
              776.45,
              556.69
            ],
            "wrist": [
              780.92,
              539.26
            ]
          },
          "in_frame": true
        }
      }
    },
    {
      "label": "G2",
      "color_rgb": [
        0.09499999999999997,
        0.09499999999999997,
        0.95
      ],
      "rank": 2,
      "score": 0.14344315230846405,
      "width": 0.05725874751806259,
      "depth": 0.029999999329447746,
      "height": 0.029999999329447746,
      "translation": [
        0.041542500257492065,
        0.004743145778775215,
        -0.0448063462972641
      ],
      "rotation_matrix": [
        [
          -0.515224277973175,
          0.6133925914764404,
          -0.5985763669013977
        ],
        [
          -0.23804667592048645,
          0.5685117244720459,
          0.7874822020530701
        ],
        [
          0.8233333826065063,
          0.5482190251350403,
          -0.14689497649669647
        ]
      ],
      "pose_matrix_4x4": [
        [
          -0.515224277973175,
          0.6133925914764404,
          -0.5985763669013977,
          0.041542500257492065
        ],
        [
          -0.23804667592048645,
          0.5685117244720459,
          0.7874822020530701,
          0.004743145778775215
        ],
        [
          0.8233333826065063,
          0.5482190251350403,
          -0.14689497649669647,
          -0.0448063462972641
        ],
        [
          0.0,
          0.0,
          0.0,
          1.0
        ]
      ],
      "object_id": -1,
      "camera_projections": {
        "realsense_0": {
          "keypoints_px": {
            "lf_tip": [
              765.01,
              502.11
            ],
            "rf_tip": [
              751.68,
              472.91
            ],
            "lf_base": [
              774.66,
              461.43
            ],