{
  "camera_names": [
    "realsense_0",
    "realsense_1",
    "realsense_2"
  ],
  "serial_numbers": [
    "realsense_0",
    "realsense_1",
    "realsense_2"
  ],
  "frame_num": 1,
  "intrinsics": [
    [
      [
        896.2400344426992,
        0.0,
        621.2291996477808
      ],
      [
        0.0,
        896.4661105493485,
        333.33503279011785
      ],
      [
        0.0,
        0.0,
        1.0
      ]
    ],
    [
      [
        901.4366339935079,
        0.0,
        636.3555062788643
      ],
      [
        0.0,
        905.2696882852621,
        367.8772021484566
      ],
      [
        0.0,
        0.0,
        1.0
      ]
    ],
    [
      [
        924.9825331903153,
        0.0,
        666.7419922924005
      ],
      [
        0.0,
        922.0592887443739,
        385.55103775625975
      ],
      [
        0.0,
        0.0,
        1.0
      ]
    ]
  ],
  "WH": [
    1280,
    720
  ],
  "per_camera": [
    {
      "camera_name": "realsense_0",
      "intrinsic_source": "/home/fr3/Documents/real2sim/000_Cleaned_Code/Calibration_results/intrinsic_results/1280*720/realsense_0.json",
      "extrinsic_source": "/home/fr3/Documents/real2sim/000_Cleaned_Code/Calibration_results/extrinsic_results/realsense_0_extrinsic.json",
      "input_WH": [
        1280,
        720
      ],
      "output_WH": [
        1280,
        720
      ],
      "crop": {
        "top": 0,
        "bottom": 0,
        "left": 0,
        "right": 0
      },
      "dist": [
        0.20496499601956594,
        -0.5881083328423446,
        -0.009988826260691336,
        -0.0018602635520984297,
        0.32926625087283456
      ],
      "z_positive_fix_applied": false,
      "z_positive_fix_axis": null,
      "phys_twin_c2w_original": [
        [
          -0.5013967612182723,
          -0.727091516374048,
          0.4689767741122307,
          -0.14709480206957626
        ],
        [
          0.8078808620576899,
          -0.19939602491619035,
          0.5545897023643206,
          -0.4185687414387409
        ],
        [
          -0.3097253631215089,
          0.6569468411252996,
          0.6873798421358746,
          -0.5066359998686852
        ],
        [
          0.0,
          0.0,
          0.0,
          1.0
        ]
      ],
      "phys_twin_c2w_written": [
        [
          -0.5013967612182723,
          -0.727091516374048,
          0.4689767741122307,
          -0.14709480206957626
        ],
        [
          0.8078808620576899,
          -0.19939602491619035,
          0.5545897023643206,
          -0.4185687414387409
        ],
        [
          -0.3097253631215089,
          0.6569468411252996,
          0.6873798421358746,
          -0.5066359998686852
        ],
        [
          0.0,
          0.0,
          0.0,
          1.0
        ]
      ]
    },
    {
      "camera_name": "realsense_1",
      "intrinsic_source": "/home/fr3/Documents/real2sim/000_Cleaned_Code/Calibration_results/intrinsic_results/1280*720/realsense_1.json",
      "extrinsic_source": "/home/fr3/Documents/real2sim/000_Cleaned_Code/Calibration_results/extrinsic_results/realsense_1_extrinsic.json",
      "input_WH": [
        1280,
        720
      ],
      "output_WH": [
        1280,
        720
      ],
      "crop": {
        "top": 0,
        "bottom": 0,
        "left": 0,
        "right": 0
      },
      "dist": [
        0.06771389939282217,
        0.3260085667227823,
        0.002939944386461803,
        -0.005476651239650661,
        -1.501486425386565
      ],
      "z_positive_fix_applied": false,
      "z_positive_fix_axis": null,
      "phys_twin_c2w_original": [
        [
          0.7903506661736204,
          -0.46644002798622847,
          0.39721470865404895,
          -0.1874909078544048
        ],
        [
          0.5992290346768576,
          0.45355400162362053,
          -0.6597070043674255,
          0.6711871821257456
        ],
        [
          0.1275554329660484,
          0.7594224568074132,
          0.6379711150337739,
          -0.5155530890890551
        ],
        [
          0.0,
          0.0,
          0.0,
          1.0
        ]
      ],
      "phys_twin_c2w_written": [
        [
          0.7903506661736204,
          -0.46644002798622847,
          0.39721470865404895,
          -0.1874909078544048
        ],
        [
          0.5992290346768576,
          0.45355400162362053,
          -0.6597070043674255,
          0.6711871821257456
        ],
        [
          0.1275554329660484,
          0.7594224568074132,
          0.6379711150337739,
          -0.5155530890890551
        ],
        [
          0.0,
          0.0,
          0.0,
          1.0
        ]
      ]
    },
    {
      "camera_name": "realsense_2",
      "intrinsic_source": "/home/fr3/Documents/real2sim/000_Cleaned_Code/Calibration_results/intrinsic_results/1280*720/realsense_2.json",
      "extrinsic_source": "/home/fr3/Documents/real2sim/000_Cleaned_Code/Calibration_results/extrinsic_results/realsense_2_extrinsic.json",
      "input_WH": [
        1280,
        720
      ],
      "output_WH": [
        1280,
        720
      ],
      "crop": {
        "top": 0,
        "bottom": 0,
        "left": 0,
        "right": 0
      },
      "dist": [
        0.1735023746766519,
        -0.5462108936564146,
        0.0032690279437060958,
        0.001002531553511811,
        0.5964114534652116
      ],
      "z_positive_fix_applied": false,
      "z_positive_fix_axis": null,
      "phys_twin_c2w_original": [
        [
          -0.08671553974726412,
          0.627821952708245,
          -0.7735114807576853,
          0.45919786075712093
        ],
        [
          -0.9962197982186455,
          -0.0506327981921284,
          0.07058635409508535,
          -0.009374050085207461
        ],
        [
          0.005150611958033902,
          0.7767083850743737,
          0.6298393094683885,
          -0.4790881366358989
        ],
        [
          0.0,
          0.0,
          0.0,
          1.0
        ]
      ],
      "phys_twin_c2w_written": [
        [
          -0.08671553974726412,
          0.627821952708245,
          -0.7735114807576853,
          0.45919786075712093
        ],
        [
          -0.9962197982186455,
          -0.0506327981921284,
          0.07058635409508535,
          -0.009374050085207461
        ],
        [
          0.005150611958033902,
          0.7767083850743737,
          0.6298393094683885,
          -0.4790881366358989
        ],
        [
          0.0,
          0.0,
          0.0,
          1.0
        ]
      ]
    }
  ]
}