{
  "camera_name": "realsense_0",
  "image_path": "/cmlscratch/xyu054/Sim-to-Real_policy_verification/phystwin/Calib/Data/image_rs_multi_20260515_174707/bundle_000000/realsense_0/rgb.jpg",
  "world_frame": "charuco_board",
  "board": {
    "squares_x": 4,
    "squares_y": 5,
    "square_length": 0.04,
    "marker_length": 0.03,
    "dictionary": "DICT_4X4_50"
  },
  "image_size": [
    1280,
    720
  ],
  "num_markers": 10,
  "num_charuco": 12,
  "reproj_rms": 0.13156747272128963,
  "K": [
    [
      896.2400344426992,
      0.0,
      621.2291996477808
    ],
    [
      0.0,
      896.4661105493485,
      333.33503279011785
    ],
    [
      0.0,
      0.0,
      1.0
    ]
  ],
  "dist": [
    0.20496499601956594,
    -0.5881083328423446,
    -0.009988826260691336,
    -0.0018602635520984297,
    0.32926625087283456
  ],
  "rvec_cam_from_board": [
    -0.12479183147875943,
    -0.9493784904318605,
    -1.8714084497917638
  ],
  "tvec_cam_from_board": [
    0.10748279928444668,
    0.14242059382952416,
    0.6493693331068745
  ],
  "T_cam_from_board": [
    [
      -0.5013967612182723,
      0.8078808620576899,
      -0.3097253631215089,
      0.10748279928444668
    ],
    [
      -0.727091516374048,
      -0.19939602491619035,
      0.6569468411252996,
      0.14242059382952416
    ],
    [
      0.4689767741122307,
      0.5545897023643206,
      0.6873798421358746,
      0.6493693331068745
    ],
    [
      0.0,
      0.0,
      0.0,
      1.0
    ]
  ],
  "T_board_from_cam": [
    [
      -0.5013967612182723,
      -0.727091516374048,
      0.4689767741122307,
      -0.14709480206957626
    ],
    [
      0.8078808620576899,
      -0.19939602491619035,
      0.5545897023643206,
      -0.4185687414387409
    ],
    [
      -0.3097253631215089,
      0.6569468411252996,
      0.6873798421358746,
      -0.5066359998686852
    ],
    [
      0.0,
      0.0,
      0.0,
      1.0
    ]
  ],
  "T_cam_from_world": [
    [
      -0.5013967612182723,
      0.8078808620576899,
      -0.3097253631215089,
      0.10748279928444668
    ],
    [
      -0.727091516374048,
      -0.19939602491619035,
      0.6569468411252996,
      0.14242059382952416
    ],
    [
      0.4689767741122307,
      0.5545897023643206,
      0.6873798421358746,
      0.6493693331068745
    ],
    [
      0.0,
      0.0,
      0.0,
      1.0
    ]
  ],
  "T_world_from_cam": [
    [
      -0.5013967612182723,
      -0.727091516374048,
      0.4689767741122307,
      -0.14709480206957626
    ],
    [
      0.8078808620576899,
      -0.19939602491619035,
      0.5545897023643206,
      -0.4185687414387409
    ],
    [
      -0.3097253631215089,
      0.6569468411252996,
      0.6873798421358746,
      -0.5066359998686852
    ],
    [
      0.0,
      0.0,
      0.0,
      1.0
    ]
  ],
  "phys_twin_c2w": [
    [
      -0.5013967612182723,
      -0.727091516374048,
      0.4689767741122307,
      -0.14709480206957626
    ],
    [
      0.8078808620576899,
      -0.19939602491619035,
      0.5545897023643206,
      -0.4185687414387409
    ],
    [
      -0.3097253631215089,
      0.6569468411252996,
      0.6873798421358746,
      -0.5066359998686852
    ],
    [
      0.0,
      0.0,
      0.0,
      1.0
    ]
  ]
}