{
  "camera_name": "realsense_2",
  "image_path": "/cmlscratch/xyu054/Sim-to-Real_policy_verification/phystwin/Calib/Data/image_rs_multi_20260515_174707/bundle_000000/realsense_2/rgb.jpg",
  "world_frame": "charuco_board",
  "board": {
    "squares_x": 4,
    "squares_y": 5,
    "square_length": 0.04,
    "marker_length": 0.03,
    "dictionary": "DICT_4X4_50"
  },
  "image_size": [
    1280,
    720
  ],
  "num_markers": 10,
  "num_charuco": 12,
  "reproj_rms": 0.214160503100655,
  "K": [
    [
      924.9825331903153,
      0.0,
      666.7419922924005
    ],
    [
      0.0,
      922.0592887443739,
      385.55103775625975
    ],
    [
      0.0,
      0.0,
      1.0
    ]
  ],
  "dist": [
    0.1735023746766519,
    -0.5462108936564146,
    0.0032690279437060958,
    0.001002531553511811,
    0.5964114534652116
  ],
  "rvec_cam_from_board": [
    -0.6670000386263043,
    0.735521090027366,
    1.534063324857145
  ],
  "tvec_cam_from_board": [
    0.03294857314747488,
    0.0833426409085682,
    0.6576050384068729
  ],
  "T_cam_from_board": [
    [
      -0.08671553974726412,
      -0.9962197982186455,
      0.005150611958033902,
      0.03294857314747488
    ],
    [
      0.627821952708245,
      -0.0506327981921284,
      0.7767083850743737,
      0.0833426409085682
    ],
    [
      -0.7735114807576853,
      0.07058635409508535,
      0.6298393094683885,
      0.6576050384068729
    ],
    [
      0.0,
      0.0,
      0.0,
      1.0
    ]
  ],
  "T_board_from_cam": [
    [
      -0.08671553974726412,
      0.627821952708245,
      -0.7735114807576853,
      0.45919786075712093
    ],
    [
      -0.9962197982186455,
      -0.0506327981921284,
      0.07058635409508535,
      -0.009374050085207461
    ],
    [
      0.005150611958033902,
      0.7767083850743737,
      0.6298393094683885,
      -0.4790881366358989
    ],
    [
      0.0,
      0.0,
      0.0,
      1.0
    ]
  ],
  "T_cam_from_world": [
    [
      -0.08671553974726412,
      -0.9962197982186455,
      0.005150611958033902,
      0.03294857314747488
    ],
    [
      0.627821952708245,
      -0.0506327981921284,
      0.7767083850743737,
      0.0833426409085682
    ],
    [
      -0.7735114807576853,
      0.07058635409508535,
      0.6298393094683885,
      0.6576050384068729
    ],
    [
      0.0,
      0.0,
      0.0,
      1.0
    ]
  ],
  "T_world_from_cam": [
    [
      -0.08671553974726412,
      0.627821952708245,
      -0.7735114807576853,
      0.45919786075712093
    ],
    [
      -0.9962197982186455,
      -0.0506327981921284,
      0.07058635409508535,
      -0.009374050085207461
    ],
    [
      0.005150611958033902,
      0.7767083850743737,
      0.6298393094683885,
      -0.4790881366358989
    ],
    [
      0.0,
      0.0,
      0.0,
      1.0
    ]
  ],
  "phys_twin_c2w": [
    [
      -0.08671553974726412,
      0.627821952708245,
      -0.7735114807576853,
      0.45919786075712093
    ],
    [
      -0.9962197982186455,
      -0.0506327981921284,
      0.07058635409508535,
      -0.009374050085207461
    ],
    [
      0.005150611958033902,
      0.7767083850743737,
      0.6298393094683885,
      -0.4790881366358989
    ],
    [
      0.0,
      0.0,
      0.0,
      1.0
    ]
  ]
}